INSERT INTO banks(name, acronym) VALUES('БАНК НЕПРОФИЛЬНЫХ АКТИВОВ «ТРАСТ»', 'ТРАСТ');

INSERT INTO IBL (bank_id, sum_credit, interes_rate, start_date, end_date) VALUES  (1, 10000, 0.05, '2022-01-01', '2023-01-01');

INSERT INTO plan_ (bank_id, plan_date, amount) 
VALUES  (1, '2022-01-01', 1000),
        (1, '2022-02-01', 2000),
        (1, '2022-03-01', 1500),
        (1, '2022-04-01', 500),
        (1, '2022-05-01', 300),
        (1, '2022-06-01', 2000),
        (1, '2022-07-01', 1500),
        (1, '2022-08-01', 500),
        (1, '2022-09-01', 300),
        (1, '2022-10-01', 2000),
        (1, '2022-11-01', 1500),
        (1, '2022-12-01', 500);

INSERT INTO fact (IBL_ID, expences_date, amount) 
VALUES  (1, '2022-01-15', 500),
        (1, '2022-02-20', 800),
        (1, '2022-02-20', 1600),
        (1, '2022-03-10', 250),
        (1, '2022-04-05', 100),
        (1, '2022-05-12', 1200);

--Другой банк
INSERT INTO banks (name, acronym) VALUES ("Банк «Левобережный»", "ЛБ");

INSERT INTO IBL (bank_id, sum_credit, interes_rate, start_date, end_date) VALUES (2, 10000.0, 0.05, '2021-01-01', '2022-01-01');

INSERT INTO plan_ (bank_id, plan_date, amount) 
VALUES (2, '2021-01-01', 10000.0),
       (2, '2021-02-01', 10000.0),
       (2, '2021-03-01', 10000.0),
       (2, '2021-04-01', 10000.0),
       (2, '2021-05-01', 10000.0),
       (2, '2021-06-01', 10000.0),
       (2, '2021-07-01', 10000.0),
       (2, '2021-08-01', 10000.0),
       (2, '2021-09-01', 10000.0),
       (2, '2021-10-01', 10000.0),
       (2, '2021-11-01', 10000.0),
       (2, '2021-12-01', 10000.0);

INSERT INTO fact (IBL_ID, expences_date, amount) 
VALUES (2, '2021-01-03', 500.0),
       (2, '2021-01-08', 1000.0),
       (2, '2021-01-16', 1500.0),
       (2, '2021-02-01', 2000.0),
       (2, '2021-02-12', 2500.0),
       (2, '2021-03-15', 3000.0),
       (2, '2021-03-24', 3500.0),
       (2, '2021-03-15', 4000.0),
       (2, '2021-04-20', 4500.0),
       (2, '2021-05-14', 5000.0),
       (2, '2021-05-18', 4000.0),
       (2, '2021-05-20', 6000.0),
       (2, '2021-06-10', 6500.0),
       (2, '2021-07-08', 4000.0),
       (2, '2021-07-10', 7500.0),
       (2, '2021-08-01', 8000.0),
       (2, '2021-08-06', 8500.0),
       (2, '2021-09-01', 4000.0),
       (2, '2021-09-12', 9500.0),
       (2, '2021-10-15', 10000.0),
       (2, '2021-11-02', 9500.0),
       (2, '2021-12-05', 4000.0),
       (2, '2021-12-07', 4000.0);
